{
    "accounts": [{
        "name": "Bart",
        "email": "sampleaccount1@sampling.com",
        "arn": "aws::iam:123456789012:root",
        "canonicalID": "79a59df900b949e55d96a1e698fbacedfd6e09d98eacf8f8d5218e7cd47ef2be",
        "shortid": "123456789012",
        "keys": [{
            "access": "accessKey1",
            "secret": "verySecretKey1"
        }],
        "users": [{
            "name": "Bart Jr",
            "email": "user1.sampleaccount2@sampling.com",
            "arn": "aws::iam:123456789013:bart",
            "keys": [{
                "access": "accessKey1/1",
                "secret": "verySecretKey1"
            }]
        }]
    }, {
        "name": "Lisa",
        "email": "sampleaccount2@sampling.com",
        "arn": "aws::iam:accessKey2:user/Lisa",
        "canonicalID": "79a59df900b949e55d96a1e698fbacedfd6e09d98eacf8f8d5218e7cd47ef2bf",
        "shortid": "123456789012",
        "keys": [{
            "access": "accessKey2",
            "secret": "verySecretKey2"
        }]
    }]
}
